"","Origin","Gamma0.mean","Gamma0.hpdi","Gamma0.rhat","Gamma0.ess","Gamma1.mean","Gamma1.hpdi","Gamma1.rhat","Gamma1.ess"
"1","Bir Kiseiba","10176 BP","10041 ~ 10291",1.001,28490,0.0000790922912655931,"0.0000041 ~ 0.0001535",1,30374
"2","Adrar Bous","10282 BP","10113 ~ 10458",1,16467,-0.0000116422895624215,"-0.0001059 ~ 0.0000832",1,16340
"3","Onjoungo Ravin de la Mouch","10616 BP","10409 ~ 10815",1.001,13141,-0.000135677364097755,"-0.0002085 ~ -0.0000642",1.001,12608
