"","Origin","Gamma0.mean","Gamma0.hpdi","Gamma0.rhat","Gamma0.ess","Gamma1.mean","Gamma1.hpdi","Gamma1.rhat","Gamma1.ess"
"1","Bir Kiseiba","10176 BP","10041 ~ 10291",1.001,28490,7.90922912655931e-05,"4.1e-06 ~ 0.0001535",1,30374
"2","Adrar Bous","10282 BP","10113 ~ 10458",1,16467,-1.16422895624215e-05,"-0.0001059 ~ 8.32e-05",1,16340
"3","Onjoungo Ravin de la Mouch","10616 BP","10409 ~ 10815",1.001,13141,-0.000135677364097755,"-0.0002085 ~ -6.42e-05",1.001,12608
