"models","origins","waic","delta.waic","weights"
"m5","e+o",8356.61982800689,0,0.5
"m7","e+a+o",8356.62282494116,0.003,0.499
"m4","e+a",8371.96992504041,15.35,0
"m6","a+o",8372.36549192727,15.746,0
"m3","o",8381.86028500161,25.24,0
"m2","a",8387.03001627287,30.41,0
"m1","e",8387.9612368237,31.341,0
