"models","origins","waic","delta.waic","weights"
"m7","e+a+o",8341.05631592597,0,0.677
"m5","e+o",8342.54153179324,1.485,0.322
"m4","e+a",8356.99381533178,15.937,0
"m6","a+o",8357.16656684216,16.11,0
"m3","o",8367.65201504733,26.596,0
"m2","a",8371.61399509039,30.558,0
"m1","e",8373.49169045897,32.435,0
