"models","origins","waic","delta.waic","weights"
"m7","e+a+o",8356.30810237195,0,0.655
"m5","e+o",8357.59515724379,1.287,0.344
"m4","e+a",8371.83559725563,15.527,0
"m6","a+o",8372.28859052234,15.98,0
"m3","o",8380.78511874348,24.477,0
"m2","a",8385.4662448049,29.158,0
"m1","e",8387.29397845726,30.986,0
